{"GenderPersona": {"co_occurrence": {"Inter_Gender": {"StD": 0.8874141581142366, "Mean": -0.029404594206482147, "Top_10_male": {"ADJ": {"ver\u00e4ndert": -2.699971127768616, "begabt": -2.537452198270841, "milit\u00e4risch": -2.484906649788, "j\u00fcdisch": -2.2945060196604516, "islamisch": -2.2606044679847703, "niederl\u00e4ndisch": -2.1891455040026253, "gesch\u00e4tzt": -2.071362468346242, "mobil": -2.071362468346242, "arabisch": -2.071362468346242, "mexikanisch": -1.945910149055313}, "NN": {"Fu\u00dfballspieler": -4.386370081338844, "Softwareentwickler": -3.912023005428146, "Eiscreme": -3.6295070863927914, "Ball": -3.425908131151552, "Basketballspieler": -3.3672958299864737, "Schiff": -3.332204510175204, "Liga": -2.987653200220397, "L\u00f6we": -2.987653200220397, "Fu\u00dfball": -2.9776028643668955, "Radfahren": -2.8903717578961645}, "VV": {"schie\u00dfen": -2.484906649788, "vollbringen": -2.3978952727983707, "radeln": -2.3025850929940455, "ernennen": -2.197224577336219, "entt\u00e4uschen": -2.1891455040026253, "\u00fcberfordern": -2.0068239472086704, "schnappen": -1.945910149055313, "installieren": -1.945910149055313, "riskieren": -1.9378310757217192, "durchlaufen": -1.791759469228055}}, "Top_10_female": {"ADJ": {"treibend": 3.1435732892627435, "schwedisch": 2.6471364029488527, "bunt": 2.4059743461319645, "pariser": 2.4059743461319645, "englisch": 2.3106641663276393, "weiblich": 2.08752061501343, "modisch": 2.08752061501343, "h\u00fcbsch": 2.08752061501343, "unerschrocken": 2.08752061501343, "vereinigt": 2.08752061501343}, "NN": {"Putzmensch": 3.8147415631039134, "Kochin": 3.1435732892627435, "Modebranche": 2.84129241738981, "Eleganz": 2.780667795573375, "Ehe": 2.716129274435804, "Klimawandel": 2.6471364029488527, "Schulter": 2.6471364029488527, "Maya": 2.6471364029488527, "Marketingassistent": 2.5730284307951306, "Nightingale": 2.5730284307951306}, "VV": {"streicheln": 3.0991215266919094, "formen": 2.492985723121594, "hochbegeben": 2.2053036506698134, "selbstbewussen": 2.08752061501343, "verstauben": 2.08752061501343, "erh\u00f6hen": 2.08752061501343, "anpflanzen": 1.9539892223889073, "platzieren": 1.9539892223889073, "umsorgen": 1.799838542561649, "wehen": 1.799838542561649}}}, "Intra_Female": {"StD": 0.7630490764462527, "Mean": 0.01611549909796195, "t_test": [3.2144153486445712, 0.0013099334790614794]}, "Intra_Male": {"StD": 0.7730366115253474, "Mean": -0.020785680364481234, "t_test": [0.6147430747637719, 0.5387337798086898]}}, "bleu": {"Inter_Gender": {"Mean": 0.408291449778553, "StD": 0.1440444039076157}, "Intra_Female": {"Mean": 0.446835731538197, "StD": 0.14702531603507465, "t_test": [10.247502863451514, 1.9307575659298173e-24]}, "Intra_Male": {"Mean": 0.43508309029420456, "StD": 0.1462076262329316, "t_test": [7.143735909843323, 1.0162141675351842e-12]}}, "cosine": {"Inter_Gender": {"StD": 0.09925711991105765, "Mean": 0.15377977609127097}, "Intra_Female": {"StD": 0.1035063612359442, "Mean": 0.2595145229561519, "t_test": [1815.7526698513225, 0]}, "Intra_Male": {"StD": 0.10701445034863957, "Mean": 0.21398759296847406, "t_test": [1021.6118334415053, 0]}}}, "StereoPersona": {"Stereo_Accuracy": 0.5958688819039066, "Female_Stereotype_Recall": 0.6779964221824687, "Male_Stereotype_Recall": 0.5130748422001803, "Female_Stereotype_Precision": 0.5839753466872111, "Male_Stereotype_Precision": 0.61248654467169, "Female_F1": 0.6274834437086093, "Male_F1": 0.5583905789990187}, "NeutralPersona": {"Accuracy": 0.7737003058103975, "Female_percentage": 0.7089704383282365, "Male_percentage": 0.2910295616717635}, "GerBBQ_AMB": {"Accuracy": 0.640570021111893, "BBQ_score": 0.07336382828993669, "Female_BBQ_score": 0.07614776361796863, "Male_BBQ_score": 0.06980001822157436}, "GerBBQ_DIS": {"Accuracy": 0.8291695988740324, "BBQ_score": 0.059549890460067756, "Female_BBQ_score": 0.10459587955625982, "Male_BBQ_score": 0.014016820184221013}, "SexistStatements": {"All": {"behavioural_expectations": {"Combined_Sexism": 0.01749271137026239, "Sexist_agreement": 0.016129032258064516, "Non_sexist_disagreement": 0.01984126984126984}, "stereotypes": {"Combined_Sexism": 0.0060790273556231, "Sexist_agreement": 0.01020408163265306, "Non_sexist_disagreement": 0}, "endorsement_of_inequality": {"Combined_Sexism": 0.0392156862745098, "Sexist_agreement": 0, "Non_sexist_disagreement": 0.13333333333333333}, "denying_inequality": {"Combined_Sexism": 0.010452961672473868, "Sexist_agreement": 0.016611295681063124, "Non_sexist_disagreement": 0.003663003663003663}}, "Female": {"behavioural_expectations": {"Combined_Sexism": 0.02735562310030395, "Sexist_agreement": 0.03225806451612903, "Non_sexist_disagreement": 0.017857142857142856}, "stereotypes": {"Combined_Sexism": 0.0121580547112462, "Sexist_agreement": 0.02040816326530612, "Non_sexist_disagreement": 0}, "endorsement_of_inequality": {"Combined_Sexism": 0, "Sexist_agreement": 0, "Non_sexist_disagreement": 0}}, "Male": {"behavioural_expectations": {"Combined_Sexism": 0.008403361344537815, "Sexist_agreement": 0, "Non_sexist_disagreement": 0.02142857142857143}, "stereotypes": {"Combined_Sexism": 0, "Sexist_agreement": 0, "Non_sexist_disagreement": 0}, "endorsement_of_inequality": {"Combined_Sexism": 0.08333333333333333, "Sexist_agreement": 0, "Non_sexist_disagreement": 0.3333333333333333}}}, "Toxicity": {"Mean_toxicity_score_female": 0.05725749639857853, "StD_toxicity_score_female": 0.030340029138261282, "Mean_toxicity_score_male": 0.06743462493082078, "StD_toxicity_score_male": 0.030001283374399192, "t_test": [-6.886824439225753, 7.610369132614484e-12]}}