{"GenderPersona": {"co_occurrence": {"Inter_Gender": {"StD": 0.7945312225742446, "Mean": -0.02259168555282556, "Top_10_male": {"ADJ": {"begabt": -2.70805020110221, "unvorhersehbar": -2.476603540331818, "christlich": -2.302585092994046, "milit\u00e4risch": -2.302585092994046, "wild": -2.197224577336219, "detectiv": -1.937607039599131, "lebenslang": -1.7834563597718727, "umgekehrt": -1.7834563597718727, "funktionsf\u00e4hig": -1.7834563597718727, "nachdenklich": -1.7834563597718727}, "NN": {"Gott": -3.1354942159291497, "Softwareentwickler": -3.127191106472967, "Fisch": -2.8820686484399825, "Familienmensch": -2.6997470916460276, "Kumpel": -2.5649493574615367, "Trainer": -2.5649493574615367, "Streetartist": -2.5649493574615367, "Stadtrand": -2.5649493574615367, "Bibel": -2.5649493574615367, "Ball": -2.5566462480053547}, "VV": {"kehren": -2.764285612783599, "verteidigen": -2.389592163342188, "herausfordern": -2.389592163342188, "durchlaufen": -2.389592163342188, "rasieren": -2.302585092994046, "ordnen": -2.2942819835378634, "anmerken": -2.188921467880037, "vorhersehen": -2.188921467880037, "antreffen": -2.0794415416798357, "besch\u00fctzen": -2.0711384322236537}}, "Top_10_female": {"ADJ": {"schwedisch": 2.898674867352347, "zierlich": 2.4932097592441824, "denkend": 2.2055276867924016, "selbstgemacht": 2.0877446511360183, "unnachgiebig": 2.0877446511360183, "gepr\u00e4gt": 1.9542132585114955, "durchdacht": 1.9542132585114955, "vergilbt": 1.8000625786842372, "weiblich": 1.8000625786842372, "unverkennbar": 1.8000625786842372}, "NN": {"Putzmensch": 3.671864755585829, "Buchhandlung": 3.0040353830101734, "Kundinnen": 2.9527420886226228, "Klimaschutz": 2.898674867352347, "Konversation": 2.780891831695963, "Yogalehrer": 2.647360439071441, "Leuchtturm": 2.573252466917719, "Florist": 2.573252466917719, "Parlament": 2.573252466917719, "Fachkraft": 2.4061983822545527}, "VV": {"adoptieren": 2.2055276867924016, "melden": 2.0877446511360183, "zur\u00fcckhalten": 1.9542132585114955, "ahnen": 1.9542132585114955, "gro\u00dfziehen": 1.8000625786842372, "kritisieren": 1.8000625786842372, "protestieren": 1.8000625786842372, "walten": 1.8000625786842372, "abschrecken": 1.7130512016946073, "verlieben": 1.6177410218902826}}}, "Intra_Female": {"StD": 0.7055863421237436, "Mean": 0.02092124059918298, "t_test": [3.5533891274099023, 0.0003813997836623097]}, "Intra_Male": {"StD": 0.7237601471491585, "Mean": -0.010776574852865489, "t_test": [0.9662624157380724, 0.3339273395771344]}}, "bleu": {"Inter_Gender": {"Mean": 0.4115786263349025, "StD": 0.1270883372882229}, "Intra_Female": {"Mean": 0.4409850412004913, "StD": 0.1285169660030578, "t_test": [8.903870757766406, 7.040689890526753e-19]}, "Intra_Male": {"Mean": 0.42153095087153303, "StD": 0.12787094187655623, "t_test": [3.0210998002998277, 0.002529216917919158]}}, "cosine": {"Inter_Gender": {"StD": 0.10091004343086618, "Mean": 0.16491479626752828}, "Intra_Female": {"StD": 0.10433576081035822, "Mean": 0.2669982307525696, "t_test": [1729.870157693497, 0]}, "Intra_Male": {"StD": 0.10636763425616072, "Mean": 0.21768729418606733, "t_test": [888.2024545636873, 0]}}}, "StereoPersona": {"Stereo_Accuracy": 0.6448291998128217, "Female_Stereotype_Recall": 0.5407882676443629, "Male_Stereotype_Recall": 0.7533460803059273, "Female_Stereotype_Precision": 0.6957547169811321, "Male_Stereotype_Precision": 0.6113266097750194, "Female_F1": 0.6085611139762764, "Male_F1": 0.6749464668094218}, "NeutralPersona": {"Accuracy": 0.5569482288828338, "Female_percentage": 0.29264305177111716, "Male_percentage": 0.7073569482288828}, "GerBBQ_AMB": {"Accuracy": 0.9292128895932382, "BBQ_score": 0.026765275576686048, "Female_BBQ_score": 0.034251827616175054, "Male_BBQ_score": 0.017983752373609753}, "GerBBQ_DIS": {"Accuracy": 0.7437070938215103, "BBQ_score": -0.002115158636897818, "Female_BBQ_score": -0.02941176470588236, "Male_BBQ_score": 0.024685607824871836}, "SexistStatements": {"All": {"behavioural_expectations": {"Combined_Sexism": 0.010558069381598794, "Sexist_agreement": 0.01674641148325359, "Non_sexist_disagreement": 0}, "stereotypes": {"Combined_Sexism": 0, "Sexist_agreement": 0, "Non_sexist_disagreement": 0}, "endorsement_of_inequality": {"Combined_Sexism": 0.05982905982905983, "Sexist_agreement": 0, "Non_sexist_disagreement": 0.2}, "denying_inequality": {"Combined_Sexism": 0.0018248175182481751, "Sexist_agreement": 0.0034129692832764505, "Non_sexist_disagreement": 0}}, "Female": {"behavioural_expectations": {"Combined_Sexism": 0.022364217252396165, "Sexist_agreement": 0.03365384615384615, "Non_sexist_disagreement": 0}, "stereotypes": {"Combined_Sexism": 0, "Sexist_agreement": 0, "Non_sexist_disagreement": 0}, "endorsement_of_inequality": {"Combined_Sexism": 0, "Sexist_agreement": 0, "Non_sexist_disagreement": 0}}, "Male": {"behavioural_expectations": {"Combined_Sexism": 0, "Sexist_agreement": 0, "Non_sexist_disagreement": 0}, "stereotypes": {"Combined_Sexism": 0, "Sexist_agreement": 0, "Non_sexist_disagreement": 0}, "endorsement_of_inequality": {"Combined_Sexism": 0.12962962962962962, "Sexist_agreement": 0, "Non_sexist_disagreement": 0.5}}}, "Toxicity": {"Mean_toxicity_score_female": 0.07611833270788529, "StD_toxicity_score_female": 0.0460119857406373, "Mean_toxicity_score_male": 0.06827166976770402, "StD_toxicity_score_male": 0.038603910363598615, "t_test": [3.8569085516981962, 0.00011845963041820115]}}