{"GenderPersona": {"co_occurrence": {"Inter_Gender": {"StD": 0.8044241746524884, "Mean": -0.04659712730565233, "Top_10_male": {"ADJ": {"begabt": -2.9473319017940045, "virtuell": -2.3054780156216097, "milit\u00e4risch": -2.2001174999637834, "live": -2.0823344643073995, "amerikanisch": -2.0823344643073995, "fliegend": -1.9488030716828773, "romantisch": -1.9488030716828773, "mechanisch": -1.9488030716828773, "\u00fcbertrieben": -1.794652391855619, "sch\u00fcchtern": -1.794652391855619}, "NN": {"Softwareentwickler": -3.447575416229458, "Kerl": -3.260989460649046, "Genie": -2.9473319017940045, "Roboter": -2.9473319017940045, "Fu\u00dfballspieler": -2.7437329465527647, "Fisch": -2.710943123729774, "Spannung": -2.6419502522428226, "Technologieunternehmen": -2.5678422800891005, "Itunternehme": -2.5678422800891005, "Fu\u00dfballer": -2.487799572415564}, "VV": {"erobern": -2.710943123729774, "komponieren": -2.5678422800891005, "fangen": -2.4007881954259345, "aufh\u00f6ren": -2.0823344643073995, "besiegen": -2.0823344643073995, "bek\u00e4mpfen": -2.0823344643073995, "einhergehen": -1.9488030716828773, "verzichten": -1.9488030716828773, "vorbeikommen": -1.9488030716828773, "aufladen": -1.794652391855619}}, "Top_10_female": {"ADJ": {"dominiert": 2.197224577336219, "eisern": 2.0794415416798357, "fundiert": 2.0794415416798357, "gemeinn\u00fctzig": 2.076548619052272, "umweltfreundlich": 2.076548619052272, "gefragt": 2.076548619052272, "leckerst": 1.945910149055313, "zierlich": 1.945910149055313, "schwedisch": 1.945910149055313, "geborgen": 1.9430172264277492}, "NN": {"Putzmensch": 3.1957801949231173, "Umweltaktivist": 3.0445224377234226, "Klimaschutz": 2.8332133440562157, "Besucher": 2.5620564348339725, "Pferd": 2.482013727160436, "Buchladen": 2.482013727160436, "Erkl\u00e4rung": 2.4466743607151273, "Lady": 2.3950023501708064, "Strick": 2.3025850929940455, "F\u00fchrungspers\u00f6nlichkeit": 2.2996921703664817}, "VV": {"erziehen": 2.5620564348339725, "vereinen": 2.3950023501708064, "bekochen": 2.1943316547086553, "vervollst\u00e4ndigen": 2.1943316547086553, "aufziehen": 1.945910149055313, "freelancen": 1.945910149055313, "ersetzen": 1.9430172264277492, "korrigieren": 1.9430172264277492, "kl\u00e4ren": 1.791759469228055, "einladen": 1.791759469228055}}}, "Intra_Female": {"StD": 0.7168498090204435, "Mean": -0.014977404140906269, "t_test": [2.1929010623566523, 0.028333931936788848]}, "Intra_Male": {"StD": 0.7335393460796081, "Mean": -0.019094484513700802, "t_test": [1.9162405834792264, 0.055358178399875835]}}, "bleu": {"Inter_Gender": {"Mean": 0.46973748049638586, "StD": 0.16174668733420028}, "Intra_Female": {"Mean": 0.5054821899822106, "StD": 0.16137044257661337, "t_test": [8.556082038469457, 1.467009481920915e-17]}, "Intra_Male": {"Mean": 0.48537507973459004, "StD": 0.16983596460480624, "t_test": [3.6452476107557232, 0.0002694033736118255]}}, "cosine": {"Inter_Gender": {"StD": 0.10816209744318202, "Mean": 0.16251493594001803}, "Intra_Female": {"StD": 0.1117253642503939, "Mean": 0.2582007903396907, "t_test": [1512.5939324893907, 0]}, "Intra_Male": {"StD": 0.11378966306134297, "Mean": 0.2156509085030282, "t_test": [832.4185561354733, 0]}}}, "StereoPersona": {"Stereo_Accuracy": 0.6250675310642896, "Female_Stereotype_Recall": 0.5282215122470714, "Male_Stereotype_Recall": 0.7247807017543859, "Female_Stereotype_Precision": 0.6639892904953146, "Male_Stereotype_Precision": 0.5987318840579711, "Female_F1": 0.5883748517200474, "Male_F1": 0.6557539682539683}, "NeutralPersona": {"Accuracy": 0.6522222222222223, "Female_percentage": 0.2822222222222222, "Male_percentage": 0.7177777777777777}, "GerBBQ_AMB": {"Accuracy": 0.5566120795914774, "BBQ_score": 0.13699594999119563, "Female_BBQ_score": 0.11808538725348615, "Male_BBQ_score": 0.1678937522885828}, "GerBBQ_DIS": {"Accuracy": 0.9122097114707952, "BBQ_score": 0.0009496676163343043, "Female_BBQ_score": 0.0011428571428571122, "Male_BBQ_score": 0.0007575757575757347}, "SexistStatements": {"All": {"behavioural_expectations": {"Combined_Sexism": 0.017569546120058566, "Sexist_agreement": 0.016203703703703703, "Non_sexist_disagreement": 0.0199203187250996}, "stereotypes": {"Combined_Sexism": 0.009287925696594427, "Sexist_agreement": 0.015789473684210527, "Non_sexist_disagreement": 0}, "endorsement_of_inequality": {"Combined_Sexism": 0.058823529411764705, "Sexist_agreement": 0, "Non_sexist_disagreement": 0.2}, "denying_inequality": {"Combined_Sexism": 0.01926444833625219, "Sexist_agreement": 0.03691275167785235, "Non_sexist_disagreement": 0}}, "Female": {"behavioural_expectations": {"Combined_Sexism": 0.036585365853658534, "Sexist_agreement": 0.03225806451612903, "Non_sexist_disagreement": 0.04504504504504504}, "stereotypes": {"Combined_Sexism": 0.015384615384615385, "Sexist_agreement": 0.026041666666666668, "Non_sexist_disagreement": 0}, "endorsement_of_inequality": {"Combined_Sexism": 0, "Sexist_agreement": 0, "Non_sexist_disagreement": 0}}, "Male": {"behavioural_expectations": {"Combined_Sexism": 0, "Sexist_agreement": 0, "Non_sexist_disagreement": 0}, "stereotypes": {"Combined_Sexism": 0.003115264797507788, "Sexist_agreement": 0.005319148936170213, "Non_sexist_disagreement": 0}, "endorsement_of_inequality": {"Combined_Sexism": 0.125, "Sexist_agreement": 0, "Non_sexist_disagreement": 0.5}}}, "Toxicity": {"Mean_toxicity_score_female": 0.048730977928873244, "StD_toxicity_score_female": 0.028255800799058203, "Mean_toxicity_score_male": 0.05125206396528541, "StD_toxicity_score_male": 0.028738670322931207, "t_test": [-1.7731527933155724, 0.07635724723331064]}}