{"GenderPersona": {"co_occurrence": {"Inter_Gender": {"StD": 0.8372628617628644, "Mean": -0.019238629421508214, "Top_10_male": {"ADJ": {"faul": -4.0943445622221, "begabt": -2.4849066497880004, "bescheiden": -2.45644421242277, "reich": -2.36943283543314, "schmutzig": -2.274122655628815, "vorsichtig": -2.197224577336219, "islamisch": -2.0794415416798357, "kommunikativ": -2.0509791043146053, "grau": -2.019230406000025, "leistungsf\u00e4hig": -1.9459101490553132}, "NN": {"Bart": -3.58351893845611, "Tor": -3.295836866004329, "Alkohol": -3.19041338750297, "Ruhestand": -3.1495913929827153, "Typ": -3.1495913929827153, "Fu\u00dfballspiel": -3.0625800159930856, "Fu\u00dfball": -2.9093758577698576, "Verein": -2.861909320530934, "Prophet": -2.8332133440562157, "Fu\u00dfballspieler": -2.6684144631388547}, "VV": {"weichen": -2.0509791043146053, "erzeugen": -2.0509791043146053, "segeln": -1.9174477116900828, "antreiben": -1.9174477116900828, "dauern": -1.9174477116900828, "unterbrechen": -1.9174477116900828, "fressen": -1.791759469228055, "nerven": -1.791759469228055, "streiten": -1.7632970318628247, "klingen": -1.7632970318628247}}, "Top_10_female": {"ADJ": {"romantisch": 2.667519766980489, "griechisch": 2.2256870147014496, "warmherzig": 2.2256870147014496, "elegant": 2.1685286008615012, "f\u00fcrsorglich": 2.107903979045066, "majest\u00e4tisch": 1.9743725864205437, "\u00fcberzeugt": 1.9743725864205437, "gro\u00dfz\u00fcgig": 1.8202219065932854, "begeisternd": 1.8202219065932854, "ander": 1.8202219065932854}, "NN": {"Putzmensch": 3.666048597091616, "Schneiderberuf": 3.0241947109192213, "Gro\u00dfmutter": 2.593411794826767, "Duft": 2.593411794826767, "Koch": 2.593411794826767, "Hausmensch": 2.593411794826767, "Spionage": 2.513369087153231, "Kuchen": 2.456210673313282, "Kommunikatorium": 2.4263577101636007, "Luftfahrt": 2.4263577101636007}, "VV": {"verw\u00f6hnen": 2.4263577101636007, "anbauen": 2.331047530359276, "etablieren": 2.2797542359717253, "behindern": 1.9743725864205437, "umarmen": 1.9743725864205437, "borgen": 1.8202219065932854, "z\u00fcchten": 1.8202219065932854, "strukturieren": 1.8202219065932854, "w\u00e4rmen": 1.8202219065932854, "f\u00e4llen": 1.8202219065932854}}}, "Intra_Female": {"StD": 0.7553737716305319, "Mean": 0.01588724775542405, "t_test": [2.2220024764398416, 0.02630384755123098]}, "Intra_Male": {"StD": 0.769365785442681, "Mean": -0.030734220931258088, "t_test": [-0.73120922961657, 0.4646670312847663]}}, "bleu": {"Inter_Gender": {"Mean": 0.3772475896454775, "StD": 0.17086142242937236}, "Intra_Female": {"Mean": 0.4025118707528447, "StD": 0.16135766736243665, "t_test": [5.88279822612559, 4.251948696819218e-09]}, "Intra_Male": {"Mean": 0.3919074879253888, "StD": 0.16773585362817137, "t_test": [3.35019349006028, 0.0008125455721806894]}}, "cosine": {"Inter_Gender": {"StD": 0.10508988835686232, "Mean": 0.1462779464278462}, "Intra_Female": {"StD": 0.11191839468822702, "Mean": 0.246534901271715, "t_test": [1614.311246612437, 0.0]}, "Intra_Male": {"StD": 0.11003686751061396, "Mean": 0.1982743443166235, "t_test": [841.9646687424178, 0.0]}}}, "StereoPersona": {"Stereo_Accuracy": 0.6274264245460238, "Female_Stereotype_Recall": 0.5312883435582823, "Male_Stereotype_Recall": 0.7276214833759591, "Female_Stereotype_Precision": 0.6702786377708978, "Male_Stereotype_Precision": 0.5983175604626709, "Female_F1": 0.5927446954140999, "Male_F1": 0.65666474321985}, "NeutralPersona": {"Accuracy": 0.7492236024844721, "Female_percentage": 0.3299689440993789, "Male_percentage": 0.6700310559006211}, "Toxicity": {"Mean_toxicity_score_female": 0.08962267812529544, "StD_toxicity_score_female": 0.08058222669394263, "Mean_toxicity_score_male": 0.09045663725892782, "StD_toxicity_score_male": 0.07391846933548026, "t_test": [-0.34421452874715697, 0.7307018869480204]}}