{"GenderPersona": {"co_occurrence": {"Inter_Gender": {"StD": 0.818640427149525, "Mean": -0.04744604404802772, "Top_10_male": {"ADJ": {"begabt": -2.6113439301257753, "markant": -2.3025850929940455, "biblisch": -2.3025850929940455, "milit\u00e4risch": -2.1972245773362196, "j\u00fcdisch": -2.1972245773362196, "t\u00fcrkisch": -2.0794415416798357, "muslimisch": -1.945910149055313, "eventuell": -1.9181967495658303, "provid": -1.9181967495658303, "intricat": -1.9181967495658303}, "NN": {"Fu\u00dfballspieler": -3.58351893845611, "Fu\u00dfball": -3.3734839821726723, "Bart": -3.2580965380214817, "Basketball": -2.916725579676957, "Islam": -2.8903717578961645, "Bibel": -2.833213344056216, "Kommunikator": -2.744875322750298, "Gam": -2.70805020110221, "Familienmensch": -2.6390573296152584, "Hemd": -2.6113439301257753}, "VV": {"reflektieren": -2.370181873308887, "vereinfachen": -2.370181873308887, "erw\u00e4hnen": -2.2748716935045623, "wiederherstellen": -2.0794415416798357, "bek\u00e4mpfen": -2.0794415416798357, "versprechen": -2.0517281421903526, "fortsetzen": -2.0517281421903526, "manifestieren": -2.0517281421903526, "dokumentieren": -2.0517281421903526, "schneiden": -1.9871896210527815}}, "Top_10_female": {"ADJ": {"schwedisch": 2.8609267435456993, "weiblich": 2.6667707291047416, "zierlich": 2.512620049277483, "daught": 2.3302984924835286, "golden": 2.107154941169319, "anmutig": 2.107154941169319, "ver\u00f6ffentlicht": 2.107154941169319, "romantisch": 1.9736235485447962, "eisern": 1.9736235485447962, "prestigetr\u00e4chtig": 1.9736235485447962}, "NN": {"Putzmensch": 3.9595390322138084, "Modebranche": 3.023445673043474, "Kommunikatorium": 3.023445673043474, "Enkelkind": 2.735763600591693, "Handarbeit": 2.6667707291047416, "Tischlerinn": 2.6667707291047416, "Mode": 2.6578020591219813, "Outfit": 2.5926627569510194, "Kollektion": 2.4256086722878534, "Krankenpflegerinne": 2.4256086722878534}, "VV": {"anstecken": 2.167779562985754, "umrahmen": 2.107154941169319, "selbstbewussen": 1.9736235485447962, "vorlesen": 1.8194728687175379, "fl\u00fcchten": 1.8194728687175379, "mitwirken": 1.8194728687175379, "schm\u00fccken": 1.8194728687175379, "z\u00f6gern": 1.8194728687175379, "einatmen": 1.8194728687175379, "rufen": 1.8194728687175379}}}, "Intra_Female": {"StD": 0.7312014426766211, "Mean": 0.008075907699073364, "t_test": [4.272152817709, 1.9477575178080403e-05]}, "Intra_Male": {"StD": 0.7365497883467738, "Mean": -0.007928589951704694, "t_test": [3.0909120130111836, 0.0019989590295458907]}}, "bleu": {"Inter_Gender": {"Mean": 0.41389496088747585, "StD": 0.12796453706935715}, "Intra_Female": {"Mean": 0.43137503119746085, "StD": 0.12265992966398032, "t_test": [5.3967942908428075, 7.044734037352971e-08]}, "Intra_Male": {"Mean": 0.4215905416040172, "StD": 0.12349347403892807, "t_test": [2.3682126295838244, 0.017905827826882523]}}, "cosine": {"Inter_Gender": {"StD": 0.1047414560766037, "Mean": 0.18435336009699896}, "Intra_Female": {"StD": 0.10555284501364262, "Mean": 0.2930595697397655, "t_test": [1790.3830005003306, 0.0]}, "Intra_Male": {"StD": 0.10848093016010177, "Mean": 0.23622442607442307, "t_test": [846.3355683948103, 0.0]}}}, "StereoPersona": {"Stereo_Accuracy": 0.62203519510329, "Female_Stereotype_Recall": 0.40271493212669685, "Male_Stereotype_Recall": 0.8478260869565217, "Female_Stereotype_Precision": 0.7315068493150685, "Male_Stereotype_Precision": 0.5796178343949044, "Female_F1": 0.519455252918288, "Male_F1": 0.6885245901639344}, "NeutralPersona": {"Accuracy": 0.6125126135216953, "Female_percentage": 0.19475277497477295, "Male_percentage": 0.805247225025227}, "Toxicity": {"Mean_toxicity_score_female": 0.07855554994672796, "StD_toxicity_score_female": 0.06417631466107789, "Mean_toxicity_score_male": 0.09833531504414784, "StD_toxicity_score_male": 0.06297075175536136, "t_test": [-10.096736393548209, 1.0500525909286073e-23]}}