{"GenderPersona": {"co_occurrence": {"Inter_Gender": {"StD": 0.7804875732967943, "Mean": -0.02476524316972847, "Top_10_male": {"ADJ": {"nachdenklich": -2.627694575828609, "christlich": -2.1972245773362196, "milit\u00e4risch": -2.18586182354957, "strukturiert": -2.0794415416798357, "mechanisch": -2.0680787878931866, "umliegend": -2.0680787878931866, "konzentriert": -2.0680787878931866, "sieer": -1.9459101490553132, "autonom": -1.9459101490553132, "zerzaust": -1.9459101490553132}, "NN": {"Softwareentwickler": -3.8598382571212415, "Fu\u00dfball": -3.097698205074345, "Fu\u00dfballer": -3.0171593425903325, "Versprechung": -2.9444389791664403, "Sieg": -2.8903717578961645, "Spieler": -2.850838127142819, "Bart": -2.761225968453132, "Anf\u00fchrer": -2.696687447315561, "Fu\u00dfballspieler": -2.6390573296152584, "Technologieunternehmen": -2.5649493574615367}, "VV": {"umrunden": -2.4849066497880004, "verzichten": -2.1972245773362196, "restaurieren": -2.18586182354957, "abh\u00e4ngen": -2.0680787878931866, "joggen": -2.0035402667556155, "heiraten": -1.9459101490553132, "rasieren": -1.9459101490553132, "vernetzen": -1.934547395268664, "surfen": -1.934547395268664, "zusammenbauen": -1.791759469228055}}, "Top_10_female": {"ADJ": {"schwedisch": 2.8445760978428654, "hautnah": 2.40925802658502, "altmodisch": 2.0908042954664854, "bunt": 1.9923642226532328, "weiblich": 1.9572729028419626, "denkend": 1.9572729028419626, "lockig": 1.9572729028419626, "alleinerziehend": 1.8031222230147042, "reichhaltig": 1.8031222230147042, "wert": 1.8031222230147042}, "NN": {"Putzmensch": 3.923385759214795, "Reiten": 3.146856969715799, "Putzkraft": 2.8445760978428654, "Umweltaktivist": 2.8445760978428654, "Klimawandel": 2.7839514760264303, "Dringlichkeit": 2.650420083401908, "Parlament": 2.650420083401908, "Strick": 2.576312111248186, "Knoten": 2.576312111248186, "Pferd": 2.576312111248186}, "VV": {"backen": 3.0070950273406405, "r\u00e4umen": 2.313947846780695, "verwandeln": 2.0908042954664854, "miterleben": 1.9572729028419626, "binden": 1.8031222230147042, "begl\u00fccken": 1.8031222230147042, "auffordern": 1.8031222230147042, "locken": 1.8031222230147042, "anhalten": 1.8031222230147042, "zur\u00fcckgreifen": 1.8031222230147042}}}, "Intra_Female": {"StD": 0.7146172771921658, "Mean": 0.019041409093462684, "t_test": [3.5780791647182495, 0.000347170904908616]}, "Intra_Male": {"StD": 0.7083045299288643, "Mean": -0.020640282846093105, "t_test": [0.34150790061078445, 0.7327257680243896]}}, "bleu": {"Inter_Gender": {"Mean": 0.4258342011906174, "StD": 0.1264315922835251}, "Intra_Female": {"Mean": 0.4556409895696687, "StD": 0.12463188225150287, "t_test": [9.188273260325834, 5.3975998711084364e-20]}, "Intra_Male": {"Mean": 0.43584395526537495, "StD": 0.1241040934070819, "t_test": [3.0920640689327183, 0.001996837171252781]}}, "cosine": {"Inter_Gender": {"StD": 0.10314716052334753, "Mean": 0.16605259991304772}, "Intra_Female": {"StD": 0.10766227697157037, "Mean": 0.26309463143256806, "t_test": [1603.451894345226, 0.0]}, "Intra_Male": {"StD": 0.10630573223651482, "Mean": 0.2152258038866543, "t_test": [816.1127812135926, 0.0]}}}, "StereoPersona": {"Stereo_Accuracy": 0.6623018607856651, "Female_Stereotype_Recall": 0.496551724137931, "Male_Stereotype_Recall": 0.8278236914600551, "Female_Stereotype_Precision": 0.7422680412371134, "Male_Stereotype_Precision": 0.6221532091097308, "Female_F1": 0.5950413223140496, "Male_F1": 0.710401891252955}, "NeutralPersona": {"Accuracy": 0.6469248291571754, "Female_percentage": 0.19741837509491267, "Male_percentage": 0.8025816249050873}, "Toxicity": {"Mean_toxicity_score_female": 0.0752088647446982, "StD_toxicity_score_female": 0.057476388005865554, "Mean_toxicity_score_male": 0.0971603376393456, "StD_toxicity_score_male": 0.061658285324922055, "t_test": [-11.86995439341077, 5.356828999518728e-32]}}