{"GenderPersona": {"co_occurrence": {"Inter_Gender": {"StD": 0.7550931394240226, "Mean": -0.07590636731767615, "Top_10_male": {"ADJ": {"entlegen": -2.488271184207472, "genial": -2.488271184207472, "unb\u00e4ndig": -2.4012598072178424, "mittler": -2.4012598072178424, "erhellt": -2.3059496274135176, "abgetragen": -2.3059496274135176, "zerzaust": -2.3059496274135176, "introvertiert": -2.3059496274135176, "tiefblau": -2.3059496274135176, "geschnitten": -2.2005891117556913}, "NN": {"Fu\u00dfball": -3.4691004372191983, "Softwareentwickler": -3.370660364405946, "Typ": -2.836577878475688, "Sessel": -2.775953256659253, "Gott": -2.7114147355216818, "Videospiel": -2.6424218640347306, "Forscher": -2.6424218640347306, "Rock": -2.488271184207472, "Ruine": -2.488271184207472, "Hemd": -2.488271184207472}, "VV": {"klopfen": -2.2005891117556913, "ausgehen": -2.082806076099308, "beruhen": -2.082806076099308, "kreisen": -1.9492746834747852, "atmen": -1.8751667113210633, "diagnostizieren": -1.7951240036475267, "\u00fcberqueren": -1.7951240036475267, "schnitzen": -1.7951240036475267, "z\u00fcchten": -1.7951240036475267, "\u00fcbertragen": -1.7951240036475267}}, "Top_10_female": {"ADJ": {"dominiert": 2.7046856666827384, "ausdrucksstark": 2.481542115368528, "schulterlang": 2.348010722744006, "kastanienbraun": 2.1168990017806193, "unersetzlich": 2.0794415416798357, "f\u00fcrsorglich": 2.076077007260364, "gedruckt": 2.076077007260364, "raschelnd": 1.9459101490553132, "lebensfroh": 1.9425456146358413, "ausgewogen": 1.791759469228055}, "NN": {"Putzmensch": 3.713572066704308, "Herzlichkeit": 2.7046856666827384, "Zopf": 2.7046856666827384, "Selbstverwirklichung": 2.6356927951957867, "Anwesen": 2.6356927951957867, "Schmuckst\u00fcck": 2.3978952727983707, "Tierheim": 2.3945307383788985, "Privatleben": 2.3945307383788985, "Kundinnen": 2.302585092994046, "Socialmediainhalte": 2.2992205585745737}, "VV": {"zusprechen": 2.3945307383788985, "binden": 2.1068486659271177, "einschlagen": 1.9425456146358413, "umrahmen": 1.9425456146358413, "klagen": 1.9425456146358413, "bestechen": 1.8292169293288385, "zusammenbinden": 1.791759469228055, "profitieren": 1.788394934808583, "gleichtun": 1.788394934808583, "herangehen": 1.788394934808583}}}, "Intra_Female": {"StD": 0.6629899759400651, "Mean": 0.011204995700137296, "t_test": [7.263894202297826, 3.948423162543489e-13]}, "Intra_Male": {"StD": 0.6712687707437384, "Mean": -0.04139503906698438, "t_test": [2.922700694485981, 0.003475208915629341]}}, "bleu": {"Inter_Gender": {"Mean": 0.505241729916204, "StD": 0.12421975497090744}, "Intra_Female": {"Mean": 0.5434074800461031, "StD": 0.12777550098041426, "t_test": [11.720647879469412, 2.1948948336126494e-31]}, "Intra_Male": {"Mean": 0.5181682774134704, "StD": 0.1302025663739822, "t_test": [3.931159856857329, 8.549018114841999e-05]}}, "cosine": {"Inter_Gender": {"StD": 0.10182775425015025, "Mean": 0.1997921946081133}, "Intra_Female": {"StD": 0.10873840313927723, "Mean": 0.3187018295803677, "t_test": [1974.0506608394978, 0]}, "Intra_Male": {"StD": 0.1107170930862501, "Mean": 0.263681646097117, "t_test": [1053.64508521245, 0]}}}, "StereoPersona": {"Stereo_Accuracy": 0.6404697380307136, "Female_Stereotype_Recall": 0.6429856115107914, "Male_Stereotype_Recall": 0.6379310344827587, "Female_Stereotype_Precision": 0.6418312387791741, "Male_Stereotype_Precision": 0.639090909090909, "Female_F1": 0.6424079065588499, "Male_F1": 0.6385104450499546}, "NeutralPersona": {"Accuracy": 0.8038617886178862, "Female_percentage": 0.6422764227642277, "Male_percentage": 0.35772357723577236}, "GerBBQ_AMB": {"Accuracy": 0.925228712174525, "BBQ_score": 0.0550668543279381, "Female_BBQ_score": 0.04742303469086549, "Male_BBQ_score": 0.0667600784156027}, "GerBBQ_DIS": {"Accuracy": 0.9289232934553132, "BBQ_score": 0.019086826347305408, "Female_BBQ_score": 0.01814142910033323, "Male_BBQ_score": 0.020052970109723844}, "SexistStatements": {"All": {"behavioural_expectations": {"Combined_Sexism": 0.028358208955223882, "Sexist_agreement": 0.045454545454545456, "Non_sexist_disagreement": 0}, "stereotypes": {"Combined_Sexism": 0.05504587155963303, "Sexist_agreement": 0.09278350515463918, "Non_sexist_disagreement": 0}, "endorsement_of_inequality": {"Combined_Sexism": 0.0196078431372549, "Sexist_agreement": 0.027777777777777776, "Non_sexist_disagreement": 0}, "denying_inequality": {"Combined_Sexism": 0.02264808362369338, "Sexist_agreement": 0.04318936877076412, "Non_sexist_disagreement": 0}}, "Female": {"behavioural_expectations": {"Combined_Sexism": 0.021806853582554516, "Sexist_agreement": 0.03349282296650718, "Non_sexist_disagreement": 0}, "stereotypes": {"Combined_Sexism": 0.05828220858895705, "Sexist_agreement": 0.09844559585492228, "Non_sexist_disagreement": 0}, "endorsement_of_inequality": {"Combined_Sexism": 0, "Sexist_agreement": 0, "Non_sexist_disagreement": 0}}, "Male": {"behavioural_expectations": {"Combined_Sexism": 0.034383954154727794, "Sexist_agreement": 0.05741626794258373, "Non_sexist_disagreement": 0}, "stereotypes": {"Combined_Sexism": 0.051829268292682924, "Sexist_agreement": 0.08717948717948718, "Non_sexist_disagreement": 0}, "endorsement_of_inequality": {"Combined_Sexism": 0.041666666666666664, "Sexist_agreement": 0.05555555555555555, "Non_sexist_disagreement": 0}}}, "Toxicity": {"Mean_toxicity_score_female": 0.046906628240532086, "StD_toxicity_score_female": 0.022532909895171115, "Mean_toxicity_score_male": 0.04780087779559228, "StD_toxicity_score_male": 0.0275529730491933, "t_test": [-0.7859202145656955, 0.4320072376670173]}}