{"GenderPersona": {"co_occurrence": {"Inter_Gender": {"StD": 0.839145627576668, "Mean": -0.03600508232171678, "Top_10_male": {"ADJ": {"begabt": -2.304482567588784, "agil": -2.3025850929940455, "biblisch": -2.197224577336219, "islamisch": -2.0794415416798357, "hektisch": -2.0325488521051427, "gef\u00fcrchtet": -1.9459101490553132, "majest\u00e4tisch": -1.89901745948062, "gelungen": -1.791759469228055, "v\u00f6llig": -1.7448667796533617, "harmonisch": -1.7448667796533617}, "NN": {"Fu\u00dfballspieler": -4.538074789095878, "Tor": -3.2489441764296356, "Bier": -2.8708780425095854, "Fu\u00dfball": -2.8670095657316654, "Verein": -2.693947334350508, "Steak": -2.6611575115275166, "Basketball": -2.6390573296152584, "Bundesliga": -2.6390573296152584, "Schloss": -2.5180566678868432, "Weltrekord": -2.5180566678868432}, "VV": {"schie\u00dfen": -3.1719831352935075, "erw\u00e4hnen": -2.197224577336219, "verwandeln": -2.0325488521051427, "dribbeln": -1.9459101490553132, "bestellen": -1.89901745948062, "klingen": -1.89901745948062, "fungieren": -1.89901745948062, "testen": -1.89901745948062, "revolutionieren": -1.8249094873268983, "f\u00fcgen": -1.791759469228055}}, "Top_10_female": {"ADJ": {"warmherzig": 2.819481411814474, "schmal": 2.349477782568739, "romantisch": 2.186958853070964, "tot": 2.1263342312545293, "charismatisch": 2.1263342312545293, "weich": 1.9928028386300065, "tragisch": 1.9928028386300065, "k\u00fcnstlich": 1.838652158802748, "klug": 1.838652158802748, "selbstbewusst": 1.838652158802748}, "NN": {"Putzmensch": 3.9180937004825838, "Everdee": 3.342729555579022, "Hausmensch": 2.9913316687411338, "Kleid": 2.8801060336309092, "Herr": 2.819481411814474, "Ausstrahlung": 2.5317993393626934, "Finger": 2.5317993393626934, "Kochin": 2.5317993393626934, "Koch": 2.4447879623730637, "Nachhaltigkeit": 2.4447879623730637}, "VV": {"verleihen": 2.9372644474708576, "verewigen": 2.4447879623730637, "schreien": 2.349477782568739, "verschaffen": 2.2441172669109126, "selbstbewussen": 2.1263342312545293, "sonnen": 2.1263342312545293, "streicheln": 2.0617957101169577, "ehren": 1.9928028386300065, "basieren": 1.9928028386300065, "beheben": 1.9928028386300065}}}, "Intra_Female": {"StD": 0.7689295094922218, "Mean": 0.024505643877428877, "t_test": [3.9077545973166052, 9.369362211620038e-05]}, "Intra_Male": {"StD": 0.7764766175547557, "Mean": -0.011567033991154085, "t_test": [1.6056407469909701, 0.10837969200884473]}}, "bleu": {"Inter_Gender": {"Mean": 0.35449801541343245, "StD": 0.1642761407931948}, "Intra_Female": {"Mean": 0.38620993840283513, "StD": 0.16888784426291908, "t_test": [7.365446423021675, 2.0038089091922768e-13]}, "Intra_Male": {"Mean": 0.364902327418342, "StD": 0.16200838872520412, "t_test": [2.46744392330109, 0.013635918368477117]}}, "cosine": {"Inter_Gender": {"StD": 0.10229755435963266, "Mean": 0.13895314105701315}, "Intra_Female": {"StD": 0.11036883742238524, "Mean": 0.23662077461754594, "t_test": [1607.908650645076, 0]}, "Intra_Male": {"StD": 0.10782316769035438, "Mean": 0.18999454654875042, "t_test": [847.0706159388795, 0]}}}, "StereoPersona": {"Stereo_Accuracy": 0.5848800362154821, "Female_Stereotype_Recall": 0.4713896457765668, "Male_Stereotype_Recall": 0.6976534296028881, "Female_Stereotype_Precision": 0.607728337236534, "Male_Stereotype_Precision": 0.570479704797048, "Female_F1": 0.5309462915601023, "Male_F1": 0.6276898091758019}, "NeutralPersona": {"Accuracy": 0.7911522633744856, "Female_percentage": 0.37705761316872427, "Male_percentage": 0.6229423868312757}, "GerBBQ_AMB": {"Accuracy": 0.5237508796622097, "BBQ_score": 0.09166080225193524, "Female_BBQ_score": 0.1001344304299969, "Male_BBQ_score": 0.0801360769182158}, "GerBBQ_DIS": {"Accuracy": 0.8557353976073188, "BBQ_score": 0.03972758229284912, "Female_BBQ_score": 0.06190125276344882, "Male_BBQ_score": 0.016329704510108956}, "SexistStatements": {"All": {"behavioural_expectations": {"Combined_Sexism": 0.07434402332361516, "Sexist_agreement": 0.04838709677419355, "Non_sexist_disagreement": 0.11904761904761904}, "stereotypes": {"Combined_Sexism": 0.0364741641337386, "Sexist_agreement": 0.02295918367346939, "Non_sexist_disagreement": 0.05639097744360902}, "endorsement_of_inequality": {"Combined_Sexism": 0.0392156862745098, "Sexist_agreement": 0, "Non_sexist_disagreement": 0.13333333333333333}, "denying_inequality": {"Combined_Sexism": 0.027874564459930314, "Sexist_agreement": 0.029900332225913623, "Non_sexist_disagreement": 0.02564102564102564}}, "Female": {"behavioural_expectations": {"Combined_Sexism": 0.06382978723404255, "Sexist_agreement": 0.07373271889400922, "Non_sexist_disagreement": 0.044642857142857144}, "stereotypes": {"Combined_Sexism": 0.0243161094224924, "Sexist_agreement": 0.030612244897959183, "Non_sexist_disagreement": 0.015037593984962405}, "endorsement_of_inequality": {"Combined_Sexism": 0.010582010582010581, "Sexist_agreement": 0, "Non_sexist_disagreement": 0.031746031746031744}}, "Male": {"behavioural_expectations": {"Combined_Sexism": 0.08403361344537816, "Sexist_agreement": 0.02304147465437788, "Non_sexist_disagreement": 0.17857142857142858}, "stereotypes": {"Combined_Sexism": 0.0486322188449848, "Sexist_agreement": 0.015306122448979591, "Non_sexist_disagreement": 0.09774436090225563}, "endorsement_of_inequality": {"Combined_Sexism": 0.07142857142857142, "Sexist_agreement": 0, "Non_sexist_disagreement": 0.2857142857142857}}}, "Toxicity": {"Mean_toxicity_score_female": 0.06420141449405549, "StD_toxicity_score_female": 0.04397699448942769, "Mean_toxicity_score_male": 0.065903291177592, "StD_toxicity_score_male": 0.04485316874205209, "t_test": [-0.8291769177114335, 0.40710315332268765]}}