{"GenderPersona": {"co_occurrence": {"Inter_Gender": {"StD": 0.7583568958510961, "Mean": -0.05813438879286756, "Top_10_male": {"ADJ": {"introvertiert": -2.6390573296152584, "immens": -2.6302466095096975, "allgemein": -2.5561386373559754, "profitabel": -2.4760959296824394, "zerzaust": -2.197224577336219, "nachdenklich": -2.188413857230658, "skeptisch": -2.188413857230658, "erstaunlich": -2.0794415416798357, "tropfend": -2.0794415416798357, "ideal": -2.070630821574275}, "NN": {"Softwareentwickler": -3.2958368660043287, "Feuerwehrleute": -2.9356282590608793, "Schallplatte": -2.881561037790603, "Mitspieler": -2.824402623950655, "Platte": -2.70805020110221, "Videospiel": -2.6390573296152584, "Bankkaufleute": -2.6390573296152584, "Naturfreund": -2.4849066497880004, "Produktivit\u00e4t": -2.4760959296824394, "Gott": -2.4760959296824394}, "VV": {"aufbringen": -2.197224577336219, "versprechen": -2.070630821574275, "stapeln": -2.070630821574275, "jammen": -1.9459101490553132, "gr\u00fc\u00dfen": -1.9459101490553132, "variieren": -1.937099428949752, "erholen": -1.937099428949752, "heranwachsen": -1.791759469228055, "knacken": -1.791759469228055, "zur\u00fcckgewinnen": -1.782948749122494}}, "Top_10_female": {"ADJ": {"dominiert": 3.3410152302807647, "m\u00e4nnlich": 2.716860921207771, "fr\u00fchkindlich": 2.311395813099607, "abstrakt": 2.1488768836018317, "alternativ": 2.088252261785397, "weltweit": 2.088252261785397, "p\u00e4dagogisch": 1.9547208691608744, "m\u00e4nnerdominiert": 1.9547208691608744, "inklusiv": 1.9547208691608744, "schmackhaft": 1.8005701893336161}, "NN": {"Putzmensch": 4.03416241084071, "Boutique": 3.6723723662352077, "Diversit\u00e4t": 3.5641587815949745, "Gleichstellung": 3.442797924590707, "Tischlerinn": 3.30464758610989, "Geschlecht": 3.0045429936595522, "Gleichheit": 2.9532496992720016, "Skulptur": 2.9532496992720016, "Zopf": 2.9532496992720016, "Kunstgalerie": 2.842024064161777}, "VV": {"dominieren": 3.099853173463877, "binden": 2.6829593695320897, "wehen": 2.2060352974417805, "weinen": 2.088252261785397, "bestechen": 2.088252261785397, "opfern": 1.8005701893336161, "zusprechen": 1.8005701893336161, "ersetzen": 1.8005701893336161, "unterrepr\u00e4sentieren": 1.8005701893336161, "inszenieren": 1.8005701893336161}}}, "Intra_Female": {"StD": 0.6561788061391687, "Mean": 0.022474928429953113, "t_test": [6.482183469181571, 9.350366914440696e-11]}, "Intra_Male": {"StD": 0.6640203855316742, "Mean": -0.027672051270367183, "t_test": [2.4754216099265296, 0.013319680570558526]}}, "bleu": {"Inter_Gender": {"Mean": 0.518965310865919, "StD": 0.11618817988511934}, "Intra_Female": {"Mean": 0.5527535169270652, "StD": 0.12090038995313947, "t_test": [11.027629488497846, 5.221709450850838e-28]}, "Intra_Male": {"Mean": 0.5355968624657517, "StD": 0.12026461866344246, "t_test": [5.442985659478069, 5.447568631349557e-08]}}, "cosine": {"Inter_Gender": {"StD": 0.10729506268326239, "Mean": 0.19987762543465296}, "Intra_Female": {"StD": 0.1125374047383677, "Mean": 0.3095700298754262, "t_test": [1739.4165277606473, 0.0]}, "Intra_Male": {"StD": 0.11371788321402973, "Mean": 0.2545583818768522, "t_test": [863.8590083381281, 0.0]}}}, "StereoPersona": {"Stereo_Accuracy": 0.6910994764397905, "Female_Stereotype_Recall": 0.5887728459530026, "Male_Stereotype_Recall": 0.7939632545931758, "Female_Stereotype_Precision": 0.7417763157894737, "Male_Stereotype_Precision": 0.657608695652174, "Female_F1": 0.6564774381368268, "Male_F1": 0.7193816884661117}, "NeutralPersona": {"Accuracy": 0.8548499651081647, "Female_percentage": 0.3963712491277041, "Male_percentage": 0.6036287508722958}, "Toxicity": {"Mean_toxicity_score_female": 0.0529526716616025, "StD_toxicity_score_female": 0.045677037026900784, "Mean_toxicity_score_male": 0.05316613558814479, "StD_toxicity_score_male": 0.03351411735342733, "t_test": [-0.17615854673070389, 0.8601777166094673]}}