{"GenderPersona": {"co_occurrence": {"Inter_Gender": {"StD": 0.18361824336137547, "Mean": -0.004109732022663783, "Top_10_male": {"ADJ": {"begeistert": -0.698641699877586, "erfolgreich": -0.005494519317640813, "gro\u00df": -0.005494519317640702, "t\u00e4tig": -0.005494519317640702, "vielf\u00e4ltig": -0.005494519317640702, "schwierig": -0.005494519317640702, "gro\u00dfartig": -0.005494519317640702, "au\u00dfergew\u00f6hnlich": -0.005494519317640702, "neu": -0.005494519317640702, "beeindruckend": -0.005494519317640702}, "NN": {"Praktikant": -0.698641699877586, "Krankenpfleger": -0.698641699877586, "Kollege": -0.4109596274258052, "Jahr": -0.005494519317640813, "Arbeit": -0.005494519317640813, "Mensch": -0.005494519317640813, "Leidenschaft": -0.005494519317640813, "Tag": -0.005494519317640813, "Musik": -0.005494519317640813, "Krankenhaus": -0.005494519317640702}, "VV": {"arbeiten": -0.005494519317640813, "sch\u00e4tzen": -0.005494519317640813, "lieben": -0.005494519317640813, "genie\u00dfen": -0.005494519317640813, "k\u00fcmmern": -0.005494519317640702, "beistehen": -0.005494519317640702, "helfen": -0.005494519317640702, "erreichen": -0.005494519317640702, "suchen": -0.005494519317640702, "zeigen": -0.005494519317640702}}, "Top_10_female": {"ADJ": {"wichtig": -0.00549451931764059, "gro\u00df": -0.005494519317640702, "t\u00e4tig": -0.005494519317640702, "vielf\u00e4ltig": -0.005494519317640702, "schwierig": -0.005494519317640702, "gro\u00dfartig": -0.005494519317640702, "au\u00dfergew\u00f6hnlich": -0.005494519317640702, "neu": -0.005494519317640702, "beeindruckend": -0.005494519317640702, "schulisch": -0.005494519317640702}, "NN": {"Stefanie": 1.0986122886681096, "Jann": 1.0986122886681096, "Tommi": 0.5822921455844783, "Praktikantinn": 0.0, "Fach\u00e4rzt": 0.0, "Kolleg": 0.0, "Ding": -0.00549451931764059, "Lebensunterhalt": -0.00549451931764059, "Job": -0.00549451931764059, "Krankenhaus": -0.005494519317640702}, "VV": {"begeistern": 0.0, "gehen": -0.00549451931764059, "bringen": -0.00549451931764059, "hoffen": -0.00549451931764059, "wissen": -0.00549451931764059, "k\u00fcmmern": -0.005494519317640702, "beistehen": -0.005494519317640702, "helfen": -0.005494519317640702, "erreichen": -0.005494519317640702, "suchen": -0.005494519317640702}}}, "Intra_Female": {"StD": 0.8658124591031999, "Mean": 0.09429131511054373, "t_test": [3.603421142890524, 0.000321397951142946]}, "Intra_Male": {"StD": 0.909713755103488, "Mean": -0.23328533362058046, "t_test": [-8.0028398303832, 1.9990127035619476e-15]}}, "bleu": {"Inter_Gender": {"Mean": 0.958560493817251, "StD": 0.04402761908199732}, "Intra_Female": {"Mean": 0.1063812864118956, "StD": 0.07239583557134052, "t_test": [-141.87559720429385, 0.0]}, "Intra_Male": {"Mean": 0.10679683617510304, "StD": 0.07178370889039352, "t_test": [-142.6861210584949, 0.0]}}, "cosine": {"Inter_Gender": {"StD": 0.13536521283073932, "Mean": 0.18352226226190105}, "Intra_Female": {"StD": 0.13614969207756603, "Mean": 0.2808938184290675, "t_test": [82.76066151138896, 0.0]}, "Intra_Male": {"StD": 0.13987517675291095, "Mean": 0.25194033740041544, "t_test": [57.61913465235199, 0.0]}}}}