{"GenderPersona": {"co_occurrence": {"Inter_Gender": {"StD": 0.815740842819222, "Mean": -0.028700708628796985, "Top_10_male": {"ADJ": {"islamisch": -2.5649493574615367, "muslimisch": -2.3978952727983707, "sch\u00fcchtern": -2.3712111986431808, "weis": -2.302585092994046, "amerikanisch": -2.17054050318103, "milit\u00e4risch": -2.0794415416798357, "geschrieben": -2.0527574675246463, "abgelegen": -2.0527574675246463, "anstehend": -1.9459101490553132, "j\u00fcdisch": -1.9459101490553132}, "NN": {"Prophet": -2.995732273553991, "Fu\u00dfballspieler": -2.7766763067513454, "Islam": -2.772588722239781, "Mitspieler": -2.70805020110221, "Typ": -2.6390573296152584, "Spielfeld": -2.6390573296152584, "Familienmensch": -2.6390573296152584, "Bibel": -2.6390573296152584, "Fu\u00dfball": -2.4990445701530657, "Briefmark": -2.4849066497880004}, "VV": {"gelingen": -2.5382652833063473, "abzielen": -2.275901018838856, "zwingen": -2.17054050318103, "klettern": -2.0527574675246463, "vereinfachen": -2.0527574675246463, "st\u00fcrzen": -1.9192260749001238, "versprechen": -1.9192260749001238, "einhergehen": -1.9192260749001238, "l\u00f6schen": -1.9192260749001238, "entfliehen": -1.791759469228055}}, "Top_10_female": {"ADJ": {"schulterlang": 2.5916334316167258, "schwedisch": 2.4245793469535597, "bezaubernd": 2.329269167149235, "zierlich": 2.329269167149235, "dominiert": 2.1061256158350252, "attraktiv": 1.9725942232105025, "poetisch": 1.9725942232105025, "ultimativ": 1.9725942232105025, "beruhigend": 1.9725942232105025, "preisgekr\u00f6nt": 1.9725942232105025}, "NN": {"Her": 3.958509706879515, "Putzmensch": 3.787884189848752, "Boutique": 3.0224163477091803, "F\u00fchrungspers\u00f6nlichkeit": 2.665741403770448, "Ehepartner": 2.5916334316167258, "Kunstszene": 2.5115907239431894, "Basteln": 2.5115907239431894, "Gleichheit": 2.4245793469535597, "Dringlichkeit": 2.4245793469535597, "Modebranche": 2.378059331318667}, "VV": {"opfern": 2.4245793469535597, "aufgehen": 2.329269167149235, "erhellen": 2.277975872761685, "n\u00e4hren": 2.1061256158350252, "pflanzen": 2.1061256158350252, "schmecken": 1.8184435433832442, "einsteigen": 1.8184435433832442, "umrahmen": 1.8184435433832442, "entfesseln": 1.8184435433832442, "herausfinden": 1.8184435433832442}}}, "Intra_Female": {"StD": 0.7370150248732326, "Mean": 0.018195503148682134, "t_test": [3.6608999989419924, 0.0002521597368378005]}, "Intra_Male": {"StD": 0.7505251797140443, "Mean": -0.0099672922447329, "t_test": [1.4761415396573394, 0.13992565034348653]}}, "bleu": {"Inter_Gender": {"Mean": 0.407782318251967, "StD": 0.12485089439232161}, "Intra_Female": {"Mean": 0.4193025352652278, "StD": 0.12401018153243039, "t_test": [3.582734442543447, 0.0003427170523575374]}, "Intra_Male": {"Mean": 0.41432567919979063, "StD": 0.12310591608645469, "t_test": [2.0423374150405875, 0.041161770734079124]}}, "cosine": {"Inter_Gender": {"StD": 0.10347622959850626, "Mean": 0.18170812599566896}, "Intra_Female": {"StD": 0.10477693643939491, "Mean": 0.2920262549171276, "t_test": [1836.183357580003, 0]}, "Intra_Male": {"StD": 0.1087316945913869, "Mean": 0.23684071702579523, "t_test": [905.9223712009964, 0]}}}, "StereoPersona": {"Stereo_Accuracy": 0.602840128263857, "Female_Stereotype_Recall": 0.41742286751361163, "Male_Stereotype_Recall": 0.7918593894542091, "Female_Stereotype_Precision": 0.6715328467153284, "Male_Stereotype_Precision": 0.5714285714285714, "Female_F1": 0.514829322887521, "Male_F1": 0.6638231872818922}, "NeutralPersona": {"Accuracy": 0.6598881545500762, "Female_percentage": 0.2902897813929842, "Male_percentage": 0.7097102186070158}, "GerBBQ_AMB": {"Accuracy": 0.37104152005629837, "BBQ_score": 0.04275158339197746, "Female_BBQ_score": 0.04063039276122101, "Male_BBQ_score": 0.045254329654485885}, "GerBBQ_DIS": {"Accuracy": 0.49824067558057705, "BBQ_score": 0.07845461009717947, "Female_BBQ_score": 0.08159564823209431, "Male_BBQ_score": 0.07501241927471436}, "SexistStatements": {"All": {"behavioural_expectations": {"Combined_Sexism": 0.050080775444264945, "Sexist_agreement": 0.054404145077720206, "Non_sexist_disagreement": 0.04291845493562232}, "stereotypes": {"Combined_Sexism": 0.06529209621993128, "Sexist_agreement": 0.09451219512195122, "Non_sexist_disagreement": 0.027559055118110236}, "endorsement_of_inequality": {"Combined_Sexism": 0.06948640483383686, "Sexist_agreement": 0.017241379310344827, "Non_sexist_disagreement": 0.1919191919191919}, "denying_inequality": {"Combined_Sexism": 0.03041144901610018, "Sexist_agreement": 0.030303030303030304, "Non_sexist_disagreement": 0.030534351145038167}}, "Female": {"behavioural_expectations": {"Combined_Sexism": 0.07241379310344828, "Sexist_agreement": 0.0851063829787234, "Non_sexist_disagreement": 0.049019607843137254}, "stereotypes": {"Combined_Sexism": 0.05357142857142857, "Sexist_agreement": 0.0967741935483871, "Non_sexist_disagreement": 0}, "endorsement_of_inequality": {"Combined_Sexism": 0.016666666666666666, "Sexist_agreement": 0.01694915254237288, "Non_sexist_disagreement": 0.016129032258064516}}, "Male": {"behavioural_expectations": {"Combined_Sexism": 0.030395136778115502, "Sexist_agreement": 0.025252525252525252, "Non_sexist_disagreement": 0.03816793893129771}, "stereotypes": {"Combined_Sexism": 0.076158940397351, "Sexist_agreement": 0.09248554913294797, "Non_sexist_disagreement": 0.05426356589147287}, "endorsement_of_inequality": {"Combined_Sexism": 0.13245033112582782, "Sexist_agreement": 0.017543859649122806, "Non_sexist_disagreement": 0.4864864864864865}}}, "Toxicity": {"Mean_toxicity_score_female": 0.10886017901027398, "StD_toxicity_score_female": 0.0539916060859319, "Mean_toxicity_score_male": 0.10912168659507043, "StD_toxicity_score_male": 0.046201950567038325, "t_test": [-0.10940153506458201, 0.9128949805337716]}}