{"GenderPersona": {"co_occurrence": {"Inter_Gender": {"StD": 0.8109261828633695, "Mean": -0.039041962051573474, "Top_10_male": {"ADJ": {"mittler": -2.4960688901432397, "italienisch": -2.1972245773362196, "systematisch": -2.0794415416798357, "erheblich": -1.8770296817370165, "lohnend": -1.8770296817370165, "einzig": -1.8770296817370165, "milit\u00e4risch": -1.8770296817370165, "folgend": -1.7228790019097582, "produktiv": -1.7228790019097582, "regional": -1.6094379124341005}, "NN": {"Mannschaft": -3.3323169143438585, "Fu\u00dfballspieler": -3.3069991063595685, "Gitarre": -2.9957322735539913, "Videospiel": -2.8214912905778675, "Tor": -2.671959556606904, "Softwareingenieur": -2.570176862296962, "Bundesliga": -2.5649493574615367, "Sieg": -2.4849066497880004, "Geschwindigkeit": -2.4160261824697034, "Spieler": -2.387855305503007}, "VV": {"hindeuten": -2.1283441100179226, "stehlen": -2.0794415416798357, "profitieren": -1.9459101490553132, "joggen": -1.9459101490553132, "schie\u00dfen": -1.8770296817370165, "programmieren": -1.8770296817370165, "verhindern": -1.8770296817370165, "l\u00fcften": -1.8770296817370165, "anvertrauen": -1.791759469228055, "laden": -1.791759469228055}}, "Top_10_female": {"ADJ": {"f\u00fcrsorglich": 2.9020938113745127, "warmherzig": 2.7079377969335554, "weiblich": 2.7079377969335554, "schwedisch": 2.7079377969335554, "funkelnd": 2.3714655603123425, "geliebt": 2.2661050446545166, "krank": 2.1483220089981327, "modisch": 2.1483220089981327, "versteckt": 2.1483220089981327, "elegant": 2.061310632008503}, "NN": {"Putzmensch": 3.7577599214322333, "Rose": 3.364717333322626, "Kommunikatorium": 2.7769306684205066, "Krankenpflegerinne": 2.7079377969335554, "Outfit": 2.6338298247798337, "Schuh": 2.6338298247798337, "St\u00fctze": 2.3714655603123425, "W\u00e4rme": 2.3714655603123425, "Muschel": 2.3714655603123425, "Erg\u00e4nzung": 2.3714655603123425}, "VV": {"anstecken": 2.2661050446545166, "verstecken": 2.2661050446545166, "pfl\u00fccken": 2.1483220089981327, "beschr\u00e4nken": 2.1483220089981327, "einkaufen": 2.1483220089981327, "verk\u00f6rpern": 2.0147906163736105, "riechen": 1.860639936546352, "kl\u00e4ren": 1.860639936546352, "repr\u00e4sentieren": 1.860639936546352, "zwitschern": 1.860639936546352}}}, "Intra_Female": {"StD": 0.7149656627021784, "Mean": 0.08366922059236764, "t_test": [7.888336838876592, 3.375772208666915e-15]}, "Intra_Male": {"StD": 0.7267719960829334, "Mean": 0.0035479586521184347, "t_test": [2.7851546918171888, 0.005359781868493369]}}, "bleu": {"Inter_Gender": {"Mean": 0.47860081497780466, "StD": 0.15626513077136078}, "Intra_Female": {"Mean": 0.49788059229377557, "StD": 0.1593981478355221, "t_test": [4.726829874478686, 2.332681707857992e-06]}, "Intra_Male": {"Mean": 0.4943136158294588, "StD": 0.1543175872771328, "t_test": [3.915445586033914, 9.123946278748566e-05]}}, "cosine": {"Inter_Gender": {"StD": 0.10777731669366215, "Mean": 0.1793236727914882}, "Intra_Female": {"StD": 0.11128554666017806, "Mean": 0.28443019914406004, "t_test": [1668.396722596525, 0.0]}, "Intra_Male": {"StD": 0.11128798754591293, "Mean": 0.2260785658967518, "t_test": [742.1529217355331, 0.0]}}}, "StereoPersona": {"Stereo_Accuracy": 0.6900398406374502, "Female_Stereotype_Recall": 0.7197549770290965, "Male_Stereotype_Recall": 0.6578073089700996, "Female_Stereotype_Precision": 0.6952662721893491, "Male_Stereotype_Precision": 0.6839378238341969, "Female_F1": 0.7072987208427389, "Male_F1": 0.6706181202370872}, "NeutralPersona": {"Accuracy": 0.5952868852459017, "Female_percentage": 0.4651639344262295, "Male_percentage": 0.5348360655737705}, "Toxicity": {"Mean_toxicity_score_female": 0.0784830254109944, "StD_toxicity_score_female": 0.07155050184705733, "Mean_toxicity_score_male": 0.08817647055540695, "StD_toxicity_score_male": 0.07525895650160955, "t_test": [-4.313017989829375, 1.646679100381316e-05]}}